,Course Code,Course Name,2020 Round 1,2020 Round 2
0,AC120,International Business,209,
1,AC137,Liberal Arts,252,
2,AD101,"First Year Art & Design (Common Entry,portfolio)",#+matric,
3,AD102,Graphic Design and Moving Image Design (portfolio),#+matric,
4,AD103,Textile & Surface Design and Jewellery & Objects (portfolio),#+matric,
5,AD202,"Education & Design or Fine Art (Second Level Teaching,portfolio))",#+matric,
6,AD204,Fine Art (portfolio),#+matric,
7,AD211,Fashion Design (portfolio),#+matric,
8,AD212,Product Design (portfolio),#+matric,
9,AD215,Visual Culture,377,320
10,AD217,Illustration (portfolio),#+matric,
11,AD222,Interaction Design (portfolio),#+matric,
12,AL600,Software Design,AQA,
13,AL601,Computer Engineering,AQA,219
14,AL602,Mechanical Engineering,AQA,
15,AL604,Civil Engineering,AQA,AQA
16,AL605,Music and Instrument Technology,AQA,AQA
17,AL630,Pharmacy Technician,295,
18,AL631,Dental Nursing,300,298
19,AL632,Applied Science,234,
20,AL650,Business,207,
21,AL660,Culinary Arts,AQA,AQA
22,AL661,Bar Supervision,AQA,AQA
23,AL663,Business (Sport and Recreation),AQA,AQA
24,AL701,Computer Engineering with Network Infrastructure,216,
25,AL702,Software Design with Artificial Intelligence for Cloud Computing,214,
26,AL703,Software Design with Virtual Reality and Gaming,216,
27,AL704,Computer Engineering,204,
28,AL705,Software Design with Mobile Apps and Connected Devices,216,
29,AL710,Mechanical Engineering,223,
30,AL711,Mechanical Engineering and Renewable Energy,228,
31,AL712,Automation and Robotics,252,
32,AL713,Engineering (Common Entry to Mechanical/Renewable/Mechatronic Eng),218,
33,AL718,Music and Sound Engineering,214,
34,AL721,Civil Engineering,233,
35,AL730,Biotechnology,250,
36,AL731,Veterinary Nursing,400,
37,AL734,Pharmaceutical Sciences (Drug Development and Analysis),244,
38,AL740,Exercise and Health Science,250,
39,AL751,Digital Marketing,241,
40,AL752,Business,225,
41,AL761,Hotel and Leisure Management,208,
42,AL763,Graphic Design (portfolio),781,
43,AL764,Early Years Care and Education,260,
44,AL765,Applied Social Studies in Social Care,280,
45,AL801,Software Design with Virtual Reality and Gaming,303,
46,AL802,Software Design with Artificial Intelligence for Cloud Computing,332,
47,AL803,Software Design with Mobile Apps and Connected Devices,337,
48,AL805,Computer Engineering with Network Infrastructure,333,
49,AL810,Quantity Surveying,319,
50,AL811,Civil Engineering,320,
51,AL820,Mechanical and Polymer Engineering,308,
52,AL830,General Nursing,442,
53,AL832,Psychiatric Nursing,387,384
54,AL836,Nutrition and Health Science,334,
55,AL837,Sports Science with Exercise Physiology,351,
56,AL838,Biotechnology,307,
57,AL839,Microbiology,325,
58,AL840,Pharmaceutical Sciences,347,
59,AL841,Athletic and Rehabilitation Therapy,430,
60,AL842,Bioveterinary Science,313,
61,AL843,Physical Activity and Health Science,306,
62,AL850,Business,309,
63,AL851,Business and Law,295,
64,AL852,Accounting,309,
65,AL854,Sport Management (with international placement),302,299
66,AL855,Hospitality Management (with international placement),308,
67,AL857,Digital Marketing,304,
68,AL860,Social Care Practice,300,
69,AL861,Animation and Illustration (portfolio),578,
70,AL863,Graphic and Digital Design (portfolio),781,
71,AL864,Early Years Care and Education,307,
72,AL870,Applied Psychology,418,
73,AS001,"Education, Home Economics and Biology - with concurrent Teacher Ed",510,
74,AS002,"Education, Home Economics and Religious Ed - with concurrent Teacher Ed",441,434
75,AS003,"Education, Home Economics and Irish - with concurrent Teacher Ed",440,440
76,AS051,"Nutrition, Food and Business Management",328,317
77,AS054,Home Economics,408,398
78,AS110,General Nursing,419,
79,AS130,Intellectual Disability Nursing,336,328
80,CI001,Counselling Skills and Psychotherapy Studies,300,
81,CI002,Counselling Skills and Addiction Studies,309,
82,CI005,Counselling Skills and Youth Studies,306,302
83,CI110,Counselling and Psychotherapy,310,
84,CI111,Counselling and Addiction Studies,301,
85,CI112,Counselling and Youth Studies,311,
86,CK101,Arts - 3 years,300,
87,CK102,Social Science,412,
88,CK104,Arts with Music - 3 or 4 years (BMus or Chinese/European/Int`l Pathway),302,
89,CK105,Film and Screen Media - 3 years or 4 years (International Pathway),368,337
90,CK107,Geographical and Archaeological Sciences - 3 or 4 years (Int`l Pathway),328,
91,CK108,Arts International - 4 years,401,
92,CK109,English - 3 years or 4 years (International Pathway),318,
93,CK110,World Languages,452,433
94,CK111,Early Years and Childhood Studies,419,
95,CK112,Theatre and Performative Practices - 3 or 4 years (Int`l Pathway),330,
96,CK113,Criminology - 3 years or 4 years (International Pathway),423,
97,CK114,Social Science (Youth and Community Work) - 3 years,,
98,CK115,Social Work - Mature Applicants only,,
99,CK118,Digital Humanities and IT - 3 or 4 years (Work Exper. or Int`l Pathway),336,
100,CK120,Applied Psychology,533,532
101,CK121,Psychology and Computing - 3 or 4 years (Work Experience Pathway),466,
102,CK122,Government and Political Science,337,328
103,CK123,Anthropology,308,
104,CK124,Education - Gaeilge,463,462
105,CK125,Sports Studies and Physical Education,510,509
106,CK201,Commerce,477,
107,CK202,Accounting,509,
108,CK203,Business Information Systems,430,
109,CK204,Finance,556,
110,CK205,Commerce (International) with French,445,
111,CK206,Commerce (International) with German,420,418
112,CK207,Commerce (International) with Italian,388,
113,CK208,Commerce (International) with Hispanic Studies,402,
114,CK209,Commerce (International) with Irish,484,
115,CK211,Commerce (International) with Chinese Studies,397,
116,CK212,Economics (through Transformational Learning) 3 or 4 years Int`l Pathway,444,
117,CK213,Food Marketing and Entrepreneurship,462,
118,CK214,International Development,346,
119,CK301,Law (Pathways) -  3 or 4 years,507,499
120,CK302,Law and French,542,
121,CK304,Law and Irish,540,
122,CK307,Law and Business,556,
123,CK401,Computer Science,468,
124,CK402,Biological and Chemical Sciences,510,509
125,CK404,"Biological, Earth and Environmental Sciences",467,
126,CK405,Genetics,487,
127,CK406,Chemical Sciences,485,472
128,CK407,Mathematical Sciences,566,565
129,CK408,Physics and Astrophysics,554,542
130,CK409,Industrial Physics - Offered jointly by UCC and CIT,432,
131,CK411,Data Science and Analytics,510,
132,CK412,Agricultural Science,496,496
133,CK504,Nutritional Sciences,518,
134,CK505,Food Science,441,440
135,CK600,Engineering,487,
136,CK606,Architecture - Offered jointly by UCC and CIT,484,476
137,CK701,Medicine (Undergraduate Entry - HPAT required),731,
138,CK702,Dentistry,613,613
139,CK703,Pharmacy,590,589
140,CK704,Occupational Therapy,566,555
141,CK705,Speech and Language Therapy,520,
142,CK706,Public Health Sciences,454,
143,CK707,Medical and Health Sciences,542,541
144,CK710,General Nursing,454,
145,CK712,Children`s and General Nursing (Integrated),533,
146,CK720,Mental Health Nursing,423,
147,CK730,Intellectual Disability Nursing,419,411
148,CK740,Midwifery,484,
149,CK791,Medicine  - Graduate Entry (GAMSAT required),57,
150,CM001,Education - Primary Teaching,484,
151,CM002,Education - Primary Teaching - Gaeltacht Applicants,,
152,CM003,Oideachas - Bunmhúinteoireacht Trí Mheán na Gaeilge – Gaeltacht,528,
153,CM004,Oideachas - Bunmhúinteoireacht Trí Mheán na Gaeilge – Gaeltacht,494,
154,CM010,Education Studies,319,
155,CM020,Early Childhood Education,327,
156,CR001,Applied Physics and Instrumentation,250,
157,CR006,Applied Biosciences,361,
158,CR007,Analytical and Pharmaceutical Chemistry,240,
159,CR010,Agriculture (Year 1 - 2 days in Clonakilty Agri College & 3 days in CIT),321,
160,CR016,Software Development,307,
161,CR021,Business (Common Entry),255,
162,CR022,Business Administration,190,
163,CR031,Social Care Work,346,
164,CR032,Recreation and Leisure Management,298,
165,CR035,Community Development,100,
166,CR041,Tourism Management,216,
167,CR042,Hospitality Management,208,
168,CR046,Automotive Technology and Management,216,
169,CR051,Civil Engineering,248,
170,CR052,Construction,251,
171,CR053,Interior Architecture,308,
172,CR055,Environmental Engineering,258,
173,CR061,Electronic Engineering,260,
174,CR062,Electrical Engineering,300,
175,CR071,Mechanical Engineering,261,
176,CR075,Biomedical Engineering,306,
177,CR090,Architectural Technology,266,
178,CR094,Nautical Science at National Maritime College of Ireland,243,
179,CR095,Marine Engineering at National Maritime College of Ireland,255,
180,CR105,Chemical and Biopharmaceutical Engineering,443,
181,CR106,Software Development,411,
182,CR108,Mechanical Engineering,434,
183,CR109,Structural Engineering,394,
184,CR110,Automotive Business Management and Technology,311,
185,CR112,Creative Digital Media,361,
186,CR116,Computer Systems,332,
187,CR121,Music at CIT Cork School of Music,868,
188,CR125,Popular Music: Electric Bass Guitar at CIT Cork School of Music,1088,
189,CR126,Popular Music: Drums at CIT Cork School of Music,801,
190,CR127,Popular Music: Electric Guitar at CIT Cork School of Music,838,768
191,CR128,Popular Music: Keyboards at CIT Cork School of Music,840,
192,CR129,Popular Music: Voice at CIT Cork School of Music,841,
193,CR130,Musical Theatre at CIT Cork School of Music,548,518
194,CR150,Business Information Systems,335,
195,CR210,"Contemporary Applied Art (Ceramics, Glass, Textiles) at CIT Crawford",#+matric,
196,CR220,Fine Art at CIT Crawford College of Art and Design,#+matric,
197,CR225,Photography with New Media,#+matric,
198,CR300,Physical Sciences (Common Entry),282,
199,CR305,Physical Sciences (Common Entry),282,
200,CR310,IT Management,297,
201,CR320,Biomedical Science - Offered jointly by CIT and UCC,565,
202,CR325,Pharmaceutical Biotechnology,398,
203,CR333,Nutrition and Health Science,402,
204,CR335,Biological Sciences (Common Entry),420,
205,CR340,Analytical Chemistry with Quality Assurance,251,
206,CR360,Instrument Engineering,261,
207,CR365,Environmental Science and Sustainable Technology,253,
208,CR370,Agri-Biosciences,397,
209,CR400,Accounting,316,
210,CR420,Marketing,285,
211,CR425,International Business with Language,298,
212,CR430,Sport and Exercise Management,322,
213,CR440,Montessori Education,288,
214,CR500,Engineering (Common Entry),411,
215,CR510,Sustainable Energy Engineering,320,
216,CR520,Biomedical Engineering,444,
217,CR560,Architectural Technology,308,
218,CR565,Interior Architecture,359,
219,CR570,Quantity Surveying,336,
220,CR572,Construction Management,269,
221,CR580,Electrical Engineering,318,
222,CR590,Electronic Engineering,303,
223,CR600,Visual Communications,#+matric,
224,CR620,Early Childhood Education and Care,365,357
225,CR640,Culinary Arts,244,
226,CR650,Beverage Industry Management,209,
227,CR655,Culinary Studies,189,
228,CR657,Hospitality Studies,180,163
229,CR660,Tourism Management,252,
230,CR700,Theatre and Drama Studies at CIT Cork School of Music,740,645
231,CR805,Marine Electrotechnology at National Maritime College of Ireland,235,
232,CR888,Information Technology,290,
233,CT110,Computing in Information Technology,210,
234,CT116,Information Technology,219,
235,CT125,Information Technology,220,
236,CT325,Business,338,
237,CW006,Business,AQA,AQA
238,CW018,Business (options),298,248
239,CW027,Sustainable Farm Management and Agribusiness,266,
240,CW028,Early Childhood Education and Care,252,
241,CW037,Business (options),195,
242,CW038,Art (portfolio),700,
243,CW047,Visual Communications and Design,214,181
244,CW057,Art (portfolio),700,
245,CW058,Tourism and Event Management,298,
246,CW068,Applied Social Studies in Professional Social Care,245,
247,CW077,Tourism and Event Management,217,
248,CW078,Sustainable Farm Management and Agribusiness,269,
249,CW088,Visual Communications and Design,274,
250,CW106,Physiology and Health Science,451,
251,CW107,Analytical Science,277,
252,CW108,Science (options),261,
253,CW116,Pharmacy Technician Studies,250,
254,CW117,Biosciences,205,
255,CW126,Science - Applied Biology or Applied Chemistry,191,
256,CW128,Brewing and Distilling,263,
257,CW138,Sport and Exercise Science,423,
258,CW148,Strength and Conditioning,379,
259,CW188,Sport Rehabilitation and Athletic Therapy,451,448
260,CW206,Computing - Applications or Programming,235,
261,CW207,Software Development,244,
262,CW208,Computer Games Development,279,
263,CW217,Information Technology Management,234,
264,CW227,Cybercrime and IT Security,233,
265,CW237,Computing in Interactive Digital Art and Design,212,
266,CW238,Software Development,297,
267,CW248,Information Technology Management,285,
268,CW258,Cybercrime and IT Security,293,
269,CW268,Computing in Interactive Digital Art and Design,287,
270,CW407,Architectural Technology,188,
271,CW417,Construction Management with Building Services,220,
272,CW427,Civil Engineering,199,
273,CW438,Construction (options),272,
274,CW468,Architectural Technology,262,
275,CW478,Civil Engineering,433,
276,CW507,Aircraft Systems,293,
277,CW517,Mechanical Engineering,276,
278,CW527,Electronic Engineering,227,
279,CW547,TV and Media Production,301,
280,CW548,Mechanical Engineering,321,
281,CW558,Electronic Systems,280,
282,CW568,Aerospace Engineering,380,
283,CW578,TV and Media Production,325,
284,CW706,Legal Studies,163,
285,CW707,Industrial Design,207,
286,CW708,Law - LLB,302,
287,CW717,Professional Social Care Practice,288,
288,CW728,Product Design Innovation,252,
289,CW748,Early Childhood Education and Care,270,
290,CW758,Professional Social Care Practice,336,
291,CW807,Sport Coaching and Business Management - GAA (portfolio),700,
292,CW808,Media and Public Relations,251,
293,CW817,Sport Coaching and Business Management - Rugby (portfolio),700,
294,CW827,Sport Coaching and Business Management - Soccer (portfolio),700,
295,CW837,Digital Marketing with Analytics,200,
296,CW848,Digital Marketing with Analytics,254,
297,CW858,"Sports Management and Coaching (options, portfolio)",700,
298,CW906,Business,177,
299,CW908,Business (options),280,
300,CW917,Business (options),224,
301,CW926,Business with Law,210,
302,CW936,Accounting,231,
303,CW938,Business with Law,283,
304,CW948,Accounting,300,
305,DB500,Computing,218,218
306,DB501,Computing (Cloud Computing),227,227
307,DB502,Computing (Data Analytics and Big Data),341,341
308,DB503,Computing (Software Development),225,225
309,DB504,Computing (Web and Mobile Technology),,281
310,DB510,Audio Production and Music Project Management,234,223
311,DB512,Business Studies,218,203
312,DB514,Business Studies (Law),252,
313,DB515,Business Studies (Human Resource Management),244,244
314,DB516,Financial Services,,
315,DB517,Marketing (Event Management),238,
316,DB521,Accounting and Finance,225,195
317,DB524,Business (Information Systems),342,309
318,DB526,Business (Cloud Computing),347,
319,DB527,Applied Social Care,234,260
320,DB528,Applied Social Care,AQA,AQA
321,DB531,Marketing,293,
322,DB534,Sound Engineering and Music Production,AQA,AQA
323,DB562,Psychology,243,229
324,DB563,Arts,161,189
325,DB566,Social Science,220,227
326,DB567,Film and Creative Media,218,202
327,DB568,Law,219,252
328,DB569,Business (Psychology),252,
329,DB571,Business Studies,173,211
330,DB572,Business in Accounting,119,117
331,DB573,Business in Marketing,117,146
332,DB574,Business in Information Technology,136,388
333,DB576,Film and Creative Media,AQA,AQA
334,DC001,Education - Early Childhood Education,440,
335,DC002,Education - Primary Teaching,488,
336,DC003,Education - Primary Teaching - Gaeltacht Applicants,445,
337,DC004,Education - Primary Teaching (Church of Ireland Centre formerly CICE),411,409
338,DC009,Arts (Joint Honours) - Humanities,376,
339,DC010,Post Primary Teacher Education - Religious Education and English,441,429
340,DC011,Post Primary Teacher Education - Religious Education and History,412,391
341,DC012,Post Primary Teacher Education - Religious Education and Music,378,
342,DC013,Post Primary Teacher Ed - Gaeilge with French/German/Spanish,419,
343,DC014,BA in Jazz and Contemporary Music Performance (audition),419,
344,DC110,Business Studies International,465,
345,DC111,Business Studies,488,
346,DC112,Global Business (France),517,510
347,DC113,Global Business (Germany),462,
348,DC114,Global Business (Spain),522,
349,DC115,Accounting and Finance,510,
350,DC116,Global Business (USA),579,
351,DC117,Aviation Management / Aviation Management with Pilot Studies,476,475
352,DC118,Gnó agus Gaeilge / Business and Irish,359,
353,DC119,Global Business (Canada),564,
354,DC120,Enterprise Computing,357,
355,DC121,Computer Applications,400,
356,DC123,Data Science,465,
357,DC126,Actuarial Mathematics,560,
358,DC127,Common Entry into Actuarial and Financial Mathematics,532,520
359,DC131,Communication Studies,407,402
360,DC132,Journalism,429,422
361,DC133,Multimedia,411,410
362,DC155,Applied Language and Translation Studies,387,
363,DC161,Analytical Science,498,489
364,DC162,Chemical and Pharmaceutical Sciences,521,
365,DC166,Environmental Science and Technology,433,399
366,DC168,Genetics and Cell Biology,512,510
367,DC175,Physics General Entry (options),419,402
368,DC181,Biotechnology,499,495
369,DC190,Electronic and Computer Engineering (with choice of four majors),413,
370,DC193,Mechatronic Engineering,411,
371,DC195,Mechanical and Manufacturing Engineering,425,
372,DC197,Biomedical Engineering,423,
373,DC200,Common Entry into Engineering (Undenominated Entry),422,
374,DC201,Common Entry into Science (Undenominated Entry),498,488
375,DC202,Sport Science and Health,500,498
376,DC203,Science Education,435,
377,DC204,Athletic Therapy and Training,522,519
378,DC205,Physical Education with Biology,531,
379,DC206,Physical Education with Mathematics,499,
380,DC208,Psychology,532,521
381,DC209,Health and Society,465,440
382,DC215,General Nursing,454,433
383,DC216,Mental Health Nursing,418,403
384,DC217,Intellectual Disability Nursing,370,
385,DC218,Children`s and General Nursing (Integrated),500,498
386,DC230,"Economics, Politics and Law",435,
387,DC231,International Relations,397,
388,DC232,Law and Society (BCL),466,
389,DC235,Education and Training - Daytime and Flexible Delivery Mode (full-time),309,
390,DC238,Social Sciences and Cultural Innovation,377,
391,DC239,"Gaeilge, Iriseoireacht agus na Meáin Dhigiteacha",430,
392,DC240,"Marketing, Innovation and Technology",476,474
393,DC291,Arts (Joint Honours) - Media Studies,376,
394,DC292,Arts (Joint Honours) - Law,403,
395,DC293,Arts (Joint Honours) - International Languages,377,
396,DC295,Arts (Joint Honours) - Politics,376,
397,DK710,Business and Management,120,120
398,DK711,Business and Technology,191,
399,DK712,Digital Marketing and Public Relations,100,100
400,DK721,Computing,106,106
401,DK722,Augmented and Virtual Reality,144,144
402,DK730,Building Surveying,165,
403,DK731,Architectural Technology,332,
404,DK732,Construction Management,120,
405,DK740,Engineering - Electrical and Electronic Systems,179,179
406,DK742,Engineering - Mechanical Engineering,166,166
407,DK744,Engineering - Civil Engineering,190,157
408,DK750,Hospitality Management,176,176
409,DK752,Event Management,175,175
410,DK753,Culinary Arts,182,182
411,DK763,"Sport, Exercise and Enterprise",233,
412,DK767,Community Youth Work (interview),240,240
413,DK768,Audio and Music Production,261,
414,DK769,Creative Media,165,165
415,DK770,Theatre & Film Practice,190,190
416,DK771,Musical Theatre (audition),,
417,DK781,Science - Bioscience,358,328
418,DK783,Science - Pharmaceutical Science,349,317
419,DK784,Veterinary Nursing,399,
420,DK810,Accounting and Finance,305,305
421,DK816,Business Studies,300,300
422,DK820,Computing in Games Development,311,311
423,DK821,Computing in Software Development,302,302
424,DK822,Augmented and Virtual Reality,307,
425,DK830,Building Surveying,336,
426,DK831,Architectural Technology,389,
427,DK832,Construction Management,387,
428,DK843,Engineering (Common Entry),340,340
429,DK844,Mechanical Engineering,305,305
430,DK845,Electrical & Electronic Engineering,304,304
431,DK846,Civil Engineering,391,361
432,DK850,International Tourism Management,317,317
433,DK860,Music (audition),532,532
434,DK861,Arts,302,302
435,DK862,Social Care,301,
436,DK863,Creative Media,308,308
437,DK864,Film and Television Production,300,300
438,DK865,Audio and Music Production,301,
439,DK870,General Nursing,403,401
440,DK872,Intellectual Disability Nursing,336,
441,DK874,Mental Health Nursing,356,
442,DK876,Early Childhood Studies,321,
443,DK877,Midwifery,440,
444,DK880,Health and Physical Activity,328,
445,DK882,Agriculture (Award options),310,
446,DK883,Science (Award options),358,321
447,DK884,Sustainable Agriculture,,
448,DK885,Agri-Food Production,,
449,DK886,Biopharmaceutical Science,301,
450,DK887,Environmental Science,330,
451,DL701,Business - Applied Entrepreneurship,AQA,AQA
452,DL821,"English, Media and Cultural Studies",212,212
453,DL822,Arts Management,229,229
454,DL823,Business Management,235,
455,DL825,Applied Psychology,379,
456,DL826,Visual Communication Design,855,
457,DL827,Art,572,
458,DL828,"3D Design, Modelmaking and Digital Art",506,
459,DL829,Design for Stage and Screen (Costume Design),593,
460,DL830,Design for Stage and Screen (Character Makeup Design),939,
461,DL831,Design for Stage and Screen (Production Design),781,
462,DL832,Animation,920,
463,DL833,Photography,650,
464,DL834,Film and Television Production,990,
465,DL836,Creative Computing,219,
466,DL837,New Media Studies,201,
467,DL838,Creative Music Production,754,
468,DL839,Interaction and User Experience Design,683,683
469,DL840,Digital Marketing,228,228
470,DL841,English and Equality Studies,276,
471,DN100,Architecture,510,
472,DN120,Landscape Architecture,407,
473,DN130,City Planning and Environmental Policy,407,400
474,DN150,Engineering (Common Entry),531,521
475,DN200,Science (options),533,
476,DN201,Computer Science (Common Entry),510,
477,DN230,Actuarial and Financial Studies,601,
478,DN240,Sustainability,440,
479,DN250,Agricultural Science (options),456,455
480,DN252,Dairy Business,410,
481,DN253,Agri - Environmental Sciences,418,
482,DN261,Food Science,477,
483,DN262,Human Nutrition,531,
484,DN271,Forestry,311,
485,DN272,"Horticulture, Landscape and Sportsturf Management",297,282
486,DN300,Veterinary Medicine - Undergraduate Entry,589,
487,DN301,Veterinary Medicine - Graduate Entry (GAMSAT required),,
488,DN310,Veterinary Nursing,478,477
489,DN400,Medicine - Undergraduate Entry (HPAT required),737,736
490,DN401,Medicine - Graduate Entry (GAMSAT required),,
491,DN410,Radiography,534,532
492,DN411,Radiography - Graduate Entry,,
493,DN420,Physiotherapy,578,577
494,DN425,Health and Performance Science,510,509
495,DN430,Sport and Exercise Management,455,445
496,DN440,"Biomedical, Health and Life Sciences",590,589
497,DN450,General Nursing,429,424
498,DN451,Children`s and General Nursing (Integrated),509,506
499,DN452,Midwifery,489,476
500,DN453,Mental Health Nursing,397,393
501,DN520,Joint Honours (options),310,
502,DN530,Humanities (options),340,336
503,DN541,Modern Languages (options),303,
504,DN600,Law (options),546,544
505,DN610,Business and Law,545,
506,DN650,Commerce,521,521
507,DN660,Commerce International (options),517,511
508,DN670,Economics and Finance,613,
509,DN700,Social Sciences (options),421,419
510,DN710,Economics,498,498
511,DN720,Psychology,530,522
512,DN750,Social Policy and Sociology,378,
513,DS602,Computing and Multimedia (Level 6 - Higher Certificate),,
514,DS603,Computing and Multimedia (Level 6 - Certificate),,
515,DS701,Business,,
516,DS702,Computing and Multimedia (Level 7),,
517,GA160,Business,163,163
518,GA170,Business,250,
519,GA171,Business Information Systems,250,
520,GA172,Rural Enterprise and Agri-Business,277,
521,GA174,Marketing and Sales,281,
522,GA175,Finance,278,
523,GA176,Business with Entrepreneurship,278,
524,GA181,Accounting,309,
525,GA182,Business,287,
526,GA183,Business Information Systems,296,
527,GA184,Marketing and Sales,307,
528,GA185,Finance and Economics,293,
529,GA186,Business with Entrepreneurship,280,
530,GA187,Rural Enterprise and Agri-Business,281,
531,GA272,Heritage Studies,188,188
532,GA273,Contemporary Art,702,
533,GA274,Design,251,
534,GA281,Film and Documentary,304,
535,GA282,Heritage Studies,220,
536,GA283,Contemporary Art,679,
537,GA284,Design,303,
538,GA285,"Education (Art, Design and Graphics)",,
539,GA360,Business in Tourism,172,172
540,GA361,Culinary Arts,193,
541,GA362,Hotel and Hospitality Operations,240,228
542,GA364,Heritage Studies,252,252
543,GA370,Hotel and Catering Management,198,
544,GA376,Event Management with Public Relations,206,187
545,GA377,International Tourism Management,172,
546,GA378,Culinary and Gastronomic Science,219,
547,GA380,International Hotel Management,242,
548,GA381,International Tourism Management,278,
549,GA382,Culinary and Gastronomic Science,206,
550,GA384,Event Management with Public Relations,212,
551,GA470,Construction Management,244,243
552,GA471,Quantity Surveying and Construction Economics,200,
553,GA472,Architectural Technology,226,
554,GA473,Civil Engineering,241,
555,GA480,Construction Management,260,
556,GA482,Quantity Surveying and Construction Economics,288,
557,GA483,Architectural Technology,265,
558,GA484,Civil Engineering,290,
559,GA570,Software and Electronic Engineering,224,
560,GA580,Software and Electronic Engineering,300,
561,GA670,Mechanical Engineering,265,
562,GA673,Energy Engineering,260,
563,GA674,Biomedical Engineering,298,
564,GA675,Agricultural Engineering,298,
565,GA676,Engineering (Common Entry to Manu/Agri/Biomed/Energy/Mech Eng),290,
566,GA677,Manufacturing Engineering Design,235,
567,GA680,Mechanical Engineering,330,
568,GA681,Energy Engineering,293,
569,GA682,Biomedical Engineering,313,
570,GA683,Agricultural Engineering,309,
571,GA684,Engineering (Common entry to Agri/Biomed/Energy/Mech Eng),340,
572,GA685,Manufacturing Engineering Design,309,
573,GA770,Applied Freshwater and Marine Biology,280,
574,GA771,Applied Biology and Biopharmaceutical Science,280,
575,GA772,Chemical and Pharmaceutical Science,280,
576,GA773,Physics and Instrumentation,299,
577,GA774,Science (Undenominated),289,
578,GA775,Computing in Software Development,260,
579,GA776,Computing and Digital Media,241,
580,GA777,Agriculture and Environmental Management,281,
581,GA780,Applied Freshwater and Marine Biology,327,
582,GA781,Applied Biology and Biopharmaceutical Science,337,
583,GA782,Chemical and Pharmaceutical Science,336,
584,GA783,Physics and Instrumentation,363,
585,GA784,Science (Undenominated),372,
586,GA785,Medical Science,473,
587,GA786,Forensic Science and Analysis,317,
588,GA787,Computing in Software Development,270,
589,GA788,Computing and Digital Media,274,
590,GA789,Agriculture and Environmental Management,287,
591,GA790,Sport and Exercise Science,356,
592,GA791,Public Health Nutrition,368,
593,GA862,History & Geography,178,
594,GA864,Early Childhood Education and Care,214,204
595,GA870,Outdoor Education and Leisure,182,171
596,GA871,Early Childhood Education and Care,190,
597,GA872,Culture and Environment,196,
598,GA879,Applied Social Care,244,
599,GA880,General Nursing,429,422
600,GA882,Psychiatric Nursing,367,
601,GA885,Outdoor Education,252,
602,GA887,History and Geography,244,
603,GA889,Applied Social Care,266,
604,GA890,Early Childhood Education and Care,270,
605,GA891,Geography and Outdoor Education,244,
606,GA974,"Furniture Design, Making and Technology - Common Entry",214,
607,GA980,Education (Design Graphics and Construction),377,
608,GA984,"Furniture Design, Making and Technology - Common Entry",284,
609,GB001,Business,,
610,GC200,Business Studies,252,252
611,GC201,Accounting and Finance,303,303
612,GC230,Computing Science,335,325
613,GC250,Communications and Media Production,,
614,GC300,Business Studies,429,
615,GC301,Accounting & Finance,253,253
616,GC302,Business Studies - HRM,,
617,GC305,International Hospitality Management,253,253
618,GC306,International Hospitality Management,253,253
619,GC335,Computing,217,195
620,GC400,Business Studies,248,248
621,GC401,Accounting and Finance,240,227
622,GC402,Business Studies (HRM),264,236
623,GC403,Law,244,228
624,GC407,Business Studies (Marketing),280,280
625,GC410,Marketing,145,
626,GC411,Business,135,135
627,GC430,Computing Science,252,220
628,GC435,Computing,AQA,AQA
629,GC450,Communications and Media Production,254,254
630,GC460,Music Production for Games (portfolio),,
631,GC462,Design Communication (portfolio),,
632,GC465,Communications,AQA,
633,GC466,Film and TV Production,AQA,AQA
634,GC470,Photographic Media,169,169
635,GC475,Photography,150,150
636,GC489,Interior Architecture (portfolio),254,
637,GC490,Interior Design,117,117
638,GC494,Fashion Design (portfolio),337,217
639,GC495,Fashion,129,129
640,GY101,Arts (Joint-Honours),300,
641,GY104,Arts (Psychology),523,520
642,GY105,Arts (History),301,
643,GY107,Na Dána (Gaeilge agus Léann an Aistriúcháin),409,
644,GY109,Arts (Mathematics and Education),403,
645,GY110,Arts with Children`s Studies,357,
646,GY111,Arts with Creative Writing,330,
647,GY112,Arts with Film Studies,321,
648,GY113,Arts with Human Rights,368,
649,GY115,Arts with Performing Arts Studies,387,
650,GY118,"Arts (Drama, Theatre and Performance Studies)",451,
651,GY119,Arts (Journalism),400,
652,GY120,"Arts (Child, Youth and Family: Policy and Practice)",350,
653,GY121,Arts (Children`s Studies),356,
654,GY122,Na Dána (Cumarsáid agus Gaeilge),361,
655,GY123,Applied Social Sciences,358,
656,GY124,Arts (Arts with Data Science),454,
657,GY125,Arts (Digital Arts and Technology),328,
658,GY126,Arts (English and Media Studies),391,
659,GY127,Arts (Film and Digital Media),401,
660,GY128,Arts (Global Languages),352,
661,GY129,Arts (International),420,
662,GY130,Arts (Music),408,
663,GY131,Arts (History and Globalisation Studies),360,
664,GY132,"Government (Politics, Economics and Law)",407,
665,GY133,Education (Computer Science and Mathematical Studies),422,
666,GY134,Geography and Geosystems,410,
667,GY201,Commerce,433,
668,GY202,Commerce (International) with French,484,
669,GY203,Commerce (International) with German,489,
670,GY204,Commerce (International) with Spanish,495,
671,GY206,Business Information Systems (Work Placement & Optional Int`l Study),465,
672,GY207,Commerce (Accounting) including optional Global Experience year,509,
673,GY208,Commerce (Gaeilge),473,
674,GY209,Commerce (Global Experience),530,
675,GY250,Law and Business,487,
676,GY251,Law (BCL),499,
677,GY252,Law (BCL) and Human Rights,520,
678,GY253,Law and Taxation,509,
679,GY254,"Law (BCL), Criminology and Criminal Justice",530,
680,GY261,"Business Studies (International Hotel Management, interview)",497,
681,GY262,"Commerce (International Hotel Management, interview)",681,
682,GY301,Science,433,432
683,GY303,Biomedical Science,556,
684,GY304,Biotechnology,465,
685,GY308,Environmental Science,408,
686,GY309,Financial Mathematics and Economics,487,
687,GY310,Marine Science,419,
688,GY313,Environmental Health and Safety,412,
689,GY314,Earth and Ocean Sciences,403,
690,GY318,Biopharmaceutical Chemistry,509,
691,GY319,Mathematical Science,476,
692,GY320,"Physics (Degree options: Applied,Astrophysics,Biomedical,Theoretical)",402,
693,GY321,Genetics and Genomics,508,
694,GY350,Computer Science and Information Technology,403,
695,GY401,Engineering (Undenominated),465,
696,GY402,Civil Engineering,455,
697,GY405,Mechanical Engineering,454,
698,GY406,Electronic and Computer Engineering,510,
699,GY408,Biomedical Engineering,509,
700,GY410,Project and Construction Management,403,
701,GY413,Energy Systems Engineering,502,
702,GY414,Electrical and Electronic Engineering,405,
703,GY501,"Medicine (five year/six year course, HPAT required)",728,
704,GY502,Occupational Therapy,555,
705,GY503,Speech and Language Therapy,543,
706,GY504,Podiatric Medicine,443,
707,GY515,General Nursing (Galway and Portiuncula),476,473
708,GY516,Mental Health Nursing,440,
709,GY517,Midwifery,495,
710,ID001,Accounting and Finance,203,
711,ID002,Business Studies,294,
712,LC110,"Art and Design (Common Entry, portfolio)",740,
713,LC114,Fashion and Textiles for Product and Costume (portfolio),880,
714,LC115,Art and Design Teacher Education (portfolio),942,
715,LC220,Digital Marketing,262,
716,LC221,Accounting and Finance,241,
717,LC222,Marketing and Management,270,
718,LC223,Law and Taxation,307,
719,LC224,Accounting and Finance,300,
720,LC225,Marketing and Management,298,
721,LC226,Enterprise and Innovation,234,234
722,LC228,Sports Development and Coaching,205,
723,LC230,Business with Computing,217,
724,LC233,Software Development,272,
725,LC234,Interactive Digital Media,225,
726,LC235,Internet Systems Development,205,
727,LC236,Internet Systems Development,262,260
728,LC239,Computer Networks and Systems Management,307,
729,LC241,Construction Management,255,
730,LC242,Property Valuation and Management,282,
731,LC243,Quantity Surveying,294,
732,LC248,Built Environment (Common Entry),288,
733,LC251,Civil Engineering,206,
734,LC252,Civil Engineering Management,270,
735,LC257,Interior Design,264,
736,LC260,Applied Biology,326,
737,LC263,Clinical Technology,294,
738,LC265,Forensic and Pharmaceutical Sciences,413,
739,LC266,Drug and Medicinal Product Analysis,262,
740,LC267,Forensic and Pharmaceutical Sciences,329,
741,LC268,Medical Technology,289,
742,LC270,Music Technology and Production,307,
743,LC271,Electrical Engineering,261,
744,LC275,Electrical Engineering,298,
745,LC276,Creative Broadcast and Film Production,297,
746,LC277,Industrial Automation and Robotic Systems,232,
747,LC278,Renewable and Electrical Energy Engineering,280,
748,LC279,Electronic Engineering,214,
749,LC281,Automobile Technology,208,
750,LC283,Precision Engineering,227,
751,LC284,"Agricultural Mechanisation at Salesian Agricultural College,Pallaskenry",200,
752,LC285,Mechanical Engineering,272,
753,LC286,Road Transport Technology and Management,264,
754,LC288,Mechanical Engineering,347,346
755,LC289,Precision Engineering,291,
756,LC290,Community Sport Development,188,
757,LC292,Social Care Work,367,
758,LC293,Business Studies with Travel and Tourism Management,307,
759,LC294,Business Studies with Event Management,279,
760,LC295,Business Studies with Sports Management,252,
761,LC297,Community Development,235,
762,LC320,Business,346,
763,LC330,Business with Computing,297,
764,LC336,Computing,207,
765,LC340,Interior Design,350,
766,LC362,Biotechnology and Biopharmaceutical Sciences,413,
767,LC371,Creative Broadcast and Film Production,309,
768,LC372,Music Technology and Production,325,
769,LC374,Renewable and Electrical Energy Engineering,318,
770,LC375,Industrial Automation and Robotic Systems,317,
771,LC376,Electronic Engineering,318,
772,LC380,Automotive Engineering and Transport Management,303,298
773,LC392,Business Studies in Beauty and Spa Management,236,
774,LC393,Early Childhood Education and Care,236,
775,LC398,Culinary Arts,163,
776,LC399,Hospitality Supervision,148,
777,LC401,Early Childhood Education and Care,297,
778,LC402,Social Care Work,225,
779,LC408,Environmental Science and Climate,279,
780,LC414,Data Analytics and Cyber Security,236,
781,LC415,Business,197,
782,LC416,Business,274,
783,LC418,Computing - Games Design and Development,270,
784,LC422,Sports Strength and Conditioning,298,
785,LC423,Sports Strength and Conditioning,157,
786,LC425,Environmental Science,278,
787,LC428,Environmental Science and Agriculture,278,
788,LC432,Early Childhood Education and Care,144,
789,LC434,Environmental Science and Agriculture,297,
790,LC502,Game Art and Design (portfolio),852,
791,LC504,Creative Media and Design,192,
792,LC517,Creative Media and Design,234,
793,LC518,Digital Animation Production (portfolio),808,
794,LC602,Social Care Work,260,
795,LC603,Early Childhood Education and Care,147,
796,LC605,Business,195,
797,LC612,Social Care Work,320,
798,LC613,Early Childhood Education and Care,242,
799,LM002,Arts,348,
800,LM020,Law and Accounting,465,
801,LM026,Performing Arts (audition required),303,
802,LM028,Criminal Justice,418,
803,LM029,Law Plus,490,
804,LM038,Psychology and Sociology,500,
805,LM039,Journalism and Digital Communication,402,
806,LM040,European Studies,369,
807,LM044,Applied Languages,442,
808,LM050,Business Studies (options),431,
809,LM056,International Business,528,
810,LM058,Financial Mathematics,403,
811,LM063,Technology Management,379,
812,LM068,Food Science and Health,421,
813,LM076,Product Design and Technology (portfolio required),408,
814,LM077,Aeronautical Engineering,520,
815,LM082,Construction Management and Engineering,398,
816,LM089,Sport and Exercise Sciences,474,
817,LM090,Physical Education with concurrent Teacher Education,532,
818,LM091,Languages with concurrent Teacher Education,517,
819,LM092,Science with Teacher Ed (Biology with Physics/Chemistry/Ag Science),507,
820,LM093,Equine Science,339,
821,LM094,Materials and Architectural Technology with concurrent Teacher Education,440,
822,LM095,Materials and Engineering Technology with concurrent Teacher Education,367,
823,LM096,Science with Teacher Ed (Physical Sciences with Chemistry and Physics),405,
824,LM097,Mathematics and Computer Science with concurrent Teacher Education,402,
825,LM099,Architecture (portfolio requirement suspended),498,
826,LM100,Physiotherapy,589,
827,LM101,Medicine  - Graduate Entry (GAMSAT required),55,
828,LM102,Psychology,509,
829,LM103,Paramedic Studies (B/C1/C1 Provisional Drivers Licence),392,
830,LM115,Chemical and Biochemical Engineering,454,
831,LM116,Engineering (Biomedical/Civil/Design and Manufacture/Mechanical),476,
832,LM118,Electronic and Computer Engineering,403,
833,LM121,Computer Science (Computer Systems/Games Dev/Mobile Comm Security),351,
834,LM122,Creative Media and Interaction Design (Digital Design/Music Media Tech),327,
835,LM123,Biological & Chemical Sciences (Biosci/Envir Sci/Ind Bio/IndPharma Chem),441,
836,LM124,Mathematics (Math Science/Maths and Physics/Economics and Maths),437,
837,LM125,Physics (Applied Physics or Mathematics & Physics),404,
838,LM150,General Nursing,475,
839,LM152,Mental Health Nursing,419,
840,LM154,Intellectual Disability Nursing,420,
841,LM156,Midwifery,469,
842,LM180,Equine Science,337,
843,LY107,Business - Common Entry,161,161
844,LY108,Business - Accounting,309,
845,LY118,Business,290,
846,LY206,Sports Studies,149,148
847,LY207,Law with Criminal Justice,160,160
848,LY208,Law,300,
849,LY228,Sports and Exercise - Common Entry,300,
850,LY317,Culinary Arts,229,224
851,LY327,Hospitality And Tourism - Common Entry,170,170
852,LY408,Design - Common Entry,320,
853,LY427,Digital Film and Video,172,170
854,LY437,Animation,198,223
855,LY447,Fashion with Promotion,266,279
856,LY457,Graphic and Digital Design,179,204
857,LY507,Quantity Surveying,181,181
858,LY508,Fire Safety Engineering,276,
859,LY518,Quantity Surveying,301,
860,LY527,Civil Engineering,165,163
861,LY528,Construction Management,271,
862,LY607,Electronic Engineering,160,
863,LY608,Mechanical Engineering,300,
864,LY617,Mechanical Engineering,180,180
865,LY618,Electronic Engineering,312,
866,LY707,Computer Games Development,204,
867,LY708,Applied Computing,306,
868,LY717,Computing,164,160
869,LY737,Computer Security and Digital Forensics,169,169
870,LY748,Computer Science,317,317
871,LY806,Pharmacy Technician,232,
872,LY816,Dental Nursing,233,223
873,LY817,Bioscience,248,
874,LY818,Science - Common Entry,303,
875,LY826,Health Science with Physiotherapy Studies,456,401
876,LY828,Agriculture - Common Entry,307,
877,LY836,Health Science with Occupational Therapy Studies,473,408
878,LY837,Food Science and Nutrition,194,194
879,LY846,Health Science with Dietetics Studies,316,316
880,LY847,Veterinary Nursing,367,367
881,LY867,Pharmaceutical & Medicinal Science,163,163
882,LY877,Agriculture,202,181
883,LY906,"Early Childhood Care, Health and Education",205,161
884,LY908,General Nursing,400,
885,LY916,Health and Social Care,181,
886,LY918,Psychiatric Nursing,357,
887,LY928,Intellectual Disability Nursing,326,
888,LY968,"Early Childhood Care, Health and Education",303,
889,LY978,Health & Social Care - Common Entry,280,
890,MH001,Education - Primary Teaching (Froebel),507,
891,MH002,Education - Primary Teaching - Gaeltacht Applicants (Froebel),,
892,MH101,Arts,318,
893,MH103,Music,#,
894,MH106,Psychology - 3 years,521,
895,MH107,Social Science,346,
896,MH109,Media Studies,316,
897,MH116,Community and Youth Work (Full-Time),#,
898,MH201,Science,360,
899,MH202,Biotechnology,455,
900,MH203,Biological and Geographical Sciences,430,
901,MH204,Physics with Astrophysics,422,
902,MH206,Theoretical Physics and Mathematics,510,
903,MH207,Data Science,445,
904,MH208,Biological and Biomedical Sciences,498,
905,MH209,Psychology (through Science) - 4 years,498,
906,MH210,Pharmaceutical and Biomedical Chemistry,487,
907,MH212,Science or Maths & Computer Science or Maths & Applied Maths (with Ed),422,
908,MH304,Engineering (Computer/Electronic/Communications),333,333
909,MH305,Product Design,357,
910,MH306,Robotics and Intelligent Devices,361,
911,MH401,Finance (options),357,
912,MH402,Quantitative Finance,476,
913,MH403,Accounting and Finance,422,
914,MH404,Business (options),430,
915,MH405,Equine Business,357,
916,MH407,Business and Accounting,420,
917,MH411,Entrepreneurship,371,
918,MH501,LLB Law - four year Single Major Law programme,473,
919,MH502,Law (options),451,
920,MH601,Computer Science through Arts (options),352,
921,MH602,Computer Science through Science (options),351,
922,MH603,Computational Thinking,532,
923,MH801,Early Childhood - Teaching and Learning (part-time),327,
924,MH802,"Community and Youth Work (part-time, in service)",#,#
925,MH803,"Local Studies/Community Studies (part-time, evening) - Mature Students",#,#
926,MI001,Contemporary & Applied Theatre Studies,375,
927,MI002,Arts,300,281
928,MI004,Education - Primary Teaching - International,577,
929,MI005,Education - Primary Teaching,495,
930,MI006,Education - Primary Teaching - Gaeltacht Applicants,456,
931,MI007,Early Childhood Care and Education,357,
932,MI008,Education and Psychology - Primary Teaching,588,
933,MI009,"Education, Business Studies and Accounting",402,
934,MI010,"Education, Business Studies and Religious Studies",368,
935,MI011,"Education, Gaeilge and Religious Studies",409,
936,MI012,"Education, Gaeilge and Business Studies",401,
937,MI013,"Education, Mathematics and Gaeilge",444,
938,MI014,"Education, Mathematics and Business Studies",434,
939,MU001,Theology and Arts,290,290
940,MU002,Theology,440,
941,NC003,Computing (Degree Award options),260,
942,NC005,Human Resource Management,300,
943,NC009,Business,300,
944,NC010,Psychology,400,
945,NC020,Marketing Practice,280,
946,NC022,Accounting and Finance,337,
947,NC023,Technology Management (with specialisations),261,
948,NC102,Computing,220,
949,NC103,Business,250,
950,NC104,Business Computing,243,
951,NM701,Montessori Education,187,
952,NM801,Montessori Education,220,
953,PC402,Arts and Humanities,200,121
954,PC404,Applied Social Studies - Professional Social Care,217,197
955,PC405,"Social, Political and Community Studies",253,216
956,PC410,Arts and Humanities (fulfils Teaching Council requirements),252,209
957,PC411,English and History (fulfils Teaching Council requirements),255,209
958,RC001,Medicine - Undergraduate Entry (HPAT required),733,
959,RC004,Physiotherapy,566,
960,RC005,Pharmacy,579,
961,RC101,Medicine - Graduate Entry (GAMSAT required),,
962,SG101,Business,160,160
963,SG102,Computing (Level 6 - General Entry),254,
964,SG131,Computing - Games Development,280,
965,SG134,Applied Sport with Business,215,
966,SG135,Business in Tourism with Event Management,187,
967,SG136,Computing - Software Development,272,
968,SG137,Computing (Computer Networks and Cloud Infrastructure),324,
969,SG138,Computing (Level 7 - General Entry),260,
970,SG141,Business,261,
971,SG142,Business in International Marketing and Languages (French),279,
972,SG144,Business in International Marketing and Languages (Spanish),270,
973,SG146,Accounting,309,
974,SG147,Sport with Business,307,
975,SG148,Tourism with Event Management,269,
976,SG231,Fine Art,449,449
977,SG232,Creative Design,273,
978,SG235,Performing Arts (Theatre Design),319,
979,SG236,Performing Arts (Acting),235,
980,SG241,Performing Arts,328,
981,SG242,Early Childhood Care and Education,279,
982,SG243,Social Care Practice,301,
983,SG244,Fine Art,505,
984,SG245,Creative Design,282,
985,SG246,Computing,290,
986,SG247,English and Psychology,309,
987,SG248,Sociology and Politics,281,
988,SG249,Writing and Literature,297,
989,SG250,Application Design and User Experience,412,
990,SG251,Computing (Smart Technologies),327,
991,SG252,Software Development,307,
992,SG253,Computer Networks and Cloud Infrastructure,324,
993,SG254,Writing and Literature Online,225,225
994,SG300,Engineering (General Entry),209,
995,SG302,Construction Economics,184,
996,SG308,Applied Construction Technology,171,
997,SG330,Engineering (General Entry),243,
998,SG331,Interior Architecture and Design,236,
999,SG332,Advanced Wood and Sustainable Building Technology,208,
1000,SG333,Mechanical Engineering,216,
1001,SG334,Mechatronic Engineering,290,
1002,SG336,Precision Engineering and Design,309,
1003,SG338,Civil Engineering,245,
1004,SG339,Quantity Surveying,195,
1005,SG342,Civil Engineering,415,
1006,SG343,Quantity Surveying,311,
1007,SG346,Construction Project Management and Applied Technology,291,
1008,SG347,Architecture,360,
1009,SG348,Interior Architecture and Design,316,
1010,SG401,Science,209,209
1011,SG404,Environmental Science with Ecology (Level 6),264,264
1012,SG406,Health and Exercise Science,367,
1013,SG431,Pharmaceutical Science with Drug Development,269,
1014,SG433,Occupational Safety and Health,223,
1015,SG434,Human Nutrition,280,
1016,SG435,Health Science and Physiology,289,
1017,SG436,Biomedical Science,262,
1018,SG437,Forensic Investigation and Analysis,243,
1019,SG439,Environmental Science with Ecology (Level 7),254,
1020,SG442,Occupational Safety and Health,290,
1021,SG443,Human Nutrition,356,
1022,SG444,Science Undenominated,338,
1023,SG445,Pharmaceutical Science with Drug Development,311,
1024,SG447,Health Science and Physical Activity,328,
1025,SG448,Forensic Investigation and Analysis,306,
1026,SG449,Medical Biotechnology,341,
1027,SG450,Environmental Science with Ecology (Level 8),300,
1028,SG530,Health and Medical Information Science (Online),285,285
1029,SG535,Business Administration,228,
1030,SG536,Business,223,
1031,SG537,Marketing and Sales,234,
1032,TL620,Culinary Arts,189,189
1033,TL651,Science (Biological and Environmental Studies),223,223
1034,TL652,Pharmacy Technician,260,
1035,TL701,"Animation, Visual Effects and Motion Design (Level 7)",228,
1036,TL702,"TV, Radio and New Media (Level 7)",243,
1037,TL710,Computing with Software Development,232,
1038,TL711,Computing with Games Development,224,
1039,TL715,Computing (Degree Award options),251,
1040,TL716,Computer Systems and Networking,269,
1041,TL731,Business (Major Specialism in: Acctng or Mktg or Mgmnt),219,
1042,TL743,Agricultural Mechanisation,,
1043,TL744,Agricultural Engineering,243,
1044,TL745,Civil and Environmental Engineering,261,261
1045,TL747,Engineering in Mechanical and Manufacturing Engineering,200,
1046,TL748,Agricultural Science,249,
1047,TL755,Pharmaceutical Science (Degree Award options),261,
1048,TL758,Animal Bioscience,251,
1049,TL771,Health and Leisure (Degree Award Options),208,
1050,TL772,Health and Leisure with Massage,218,
1051,TL773,Coaching and Sports Performance,106,106
1052,TL780,Early Childhood Care and Education,234,
1053,TL781,Social Care,225,
1054,TL801,"Animation, Visual Effects and Motion Design (Level 8)",281,
1055,TL802,"TV, Radio and New Media (Level 8)",325,
1056,TL810,Computing with Software Development,310,
1057,TL811,Computing with Games Development,358,
1058,TL815,Computing (Degree Award options),308,
1059,TL823,Event Management (3 year programme),299,
1060,TL831,Business Studies (Major Specialism in: Acctng or Mktg or Mgmnt),306,
1061,TL844,Agricultural Engineering,300,
1062,TL845,Civil Engineering,325,
1063,TL847,Manufacturing Engineering,302,
1064,TL848,Agricultural Science,308,
1065,TL851,Wildlife Biology (Degree Award options),309,
1066,TL855,Pharmaceutical Science (Degree Award options),317,
1067,TL858,Veterinary Bioscience,308,
1068,TL871,Health and Leisure (Degree Award options),300,
1069,TL872,Health and Leisure with Massage,309,
1070,TL873,Coaching and Sports Performance,289,
1071,TL880,Early Childhood Care and Education,307,
1072,TL881,Social Care,308,
1073,TL889,Counselling with Addiction - Mature applicants only,,
1074,TL890,General Nursing and Mature Applicants,440,414
1075,TL891,Mental Health Nursing and Mature Applicants,389,378
1076,TR002,Music,435,429
1077,TR003,History,497,493
1078,TR004,Law,566,565
1079,TR005,Philosophy,442,
1080,TR006,Psychology,567,555
1081,TR007,Clinical Speech and Language Studies,529,
1082,TR009,Music Education,420,
1083,TR012,History and Political Science,555,554
1084,TR015,"Philosophy, Political Science, Economics and Sociology",589,
1085,TR016,Deaf Studies,340,
1086,TR017,Law and Business,602,
1087,TR018,Law and French,565,
1088,TR019,Law and German,543,542
1089,TR020,Law and Political Science,602,
1090,TR021,"Classics, Ancient History and Archaeology",370,
1091,TR022,Early and Modern Irish,398,
1092,TR023,English Studies,487,476
1093,TR024,European Studies,544,542
1094,TR025,Drama and Theatre Studies,564,530
1095,TR028,Ancient and Medieval History and Culture,342,
1096,TR029,Political Science and Geography,526,520
1097,TR031,Mathematics,531,
1098,TR032,Engineering,510,509
1099,TR033,Computer Science,509,
1100,TR034,Management Science and Information Systems Studies,613,
1101,TR035,Theoretical Physics,543,
1102,TR038,Engineering with Management,532,
1103,TR039,Computer Science and Language,454,424
1104,TR040,Middle Eastern and European Languages and Cultures,466,
1105,TR041,Religion,368,
1106,TR042,Film,489,476
1107,TR043,History of Art and Architecture,393,354
1108,TR051,Medicine (HPAT required),735,734
1109,TR052,Dental Science,613,613
1110,TR053,Physiotherapy,566,566
1111,TR054,Occupational Therapy,533,
1112,TR055,Radiation Therapy,543,
1113,TR056,Human Health and Disease,565,
1114,TR060,Biological and Biomedical Sciences,543,543
1115,TR061,Chemical Sciences,517,510
1116,TR062,Geography and Geoscience,473,
1117,TR063,Physical Sciences,498,498
1118,TR072,Pharmacy,590,
1119,TR080,Global Business,589,
1120,TR081,"Business, Economic and Social Studies (BESS)",543,543
1121,TR082,Computer Science and Business,555,
1122,TR083,Sociology and Social Policy,498,487
1123,TR084,Social Studies (Social Work),462,
1124,TR085,Business Studies and French,540,531
1125,TR086,Business Studies and German,509,499
1126,TR087,Business Studies and Russian,474,465
1127,TR089,Business Studies and Polish,444,424
1128,TR090,Business Studies and Spanish,531,
1129,TR091,General Nursing (Meath and St James`s),429,
1130,TR093,General Nursing (Adelaide School of Nursing),430,429
1131,TR095,Mental Health Nursing,408,
1132,TR097,Intellectual Disability Nursing,396,
1133,TR111,Ancient History and Archaeology/Geography,352,
1134,TR112,Ancient History and Archaeology/History,529,
1135,TR113,Ancient History and Archaeology/History of Art and Architecture,337,
1136,TR114,Ancient History and Archaeology/Modern Language,337,
1137,TR117,Ancient History and Archaeology/Religion,342,
1138,TR166,Classical Civilisation/English Literature,498,496
1139,TR173,Classical Civilisation/History of Art and Architecture,335,
1140,TR177,Classical Civilisation/Modern Language,335,
1141,TR179,Classical Civilisation/Philosophy,499,
1142,TR198,Economics/Geography,534,
1143,TR202,Economics/History,534,
1144,TR207,Economics/Mathematics,566,
1145,TR208,Economics/Modern Language,534,
1146,TR209,Economics/Philosophy,534,
1147,TR212,Economics/Sociology,534,
1148,TR228,Classical Languages/English Literature,498,
1149,TR231,Classical Languages/History of Art and Architecture,349,
1150,TR233,"Classical Languages/Middle Eastern,Jewish and Islamic Civilisations",349,
1151,TR239,Classical Languages/Modern Language,349,
1152,TR262,English Literature/History,529,
1153,TR263,English Literature/History of Art and Architecture,498,497
1154,TR269,English Literature/Philosophy,499,
1155,TR272,English Literature/Sociology,498,
1156,TR276,English Literature/Drama Studies,#498,
1157,TR277,English Literature/Modern Language,498,495
1158,TR311,Film/Drama Studies,#521,
1159,TR312,Film/English Literature,521,
1160,TR320,Film/Music,521,
1161,TR322,Geography/History,529,
1162,TR323,Drama Studies/Modern Language,#473,
1163,TR324,Film/Modern Language,521,
1164,TR325,Film/History,529,
1165,TR326,Geography/Modern Language,352,
1166,TR332,Geography/Sociology,498,496
1167,TR443,History/History of Art and Architecture,529,
1168,TR447,History/Modern Language,529,
1169,TR449,History/Philosophy,529,
1170,TR452,History/Sociology,529,
1171,TR454,History/Religion,529,
1172,TR455,History of Art and Architecture/Modern Language,334,
1173,TR479,History of Art and Architecture/Philosophy,499,
1174,TR547,"Middle Eastern,Jewish and Islamic Civ./Ancient History and Archaeology",337,
1175,TR548,"Middle Eastern,Jewish and Islamic Civilisations/Classical Civilisation",335,
1176,TR554,"Middle Eastern,Jewish and Islamic Civilisations/History",529,
1177,TR563,"Middle Eastern,Jewish and Islamic Civilisations/Modern Language",335,
1178,TR564,"Middle Eastern,Jewish and Islamic Civilisations/Music",,
1179,TR565,"Middle Eastern,Jewish and Islamic Civilisations/Religion",342,
1180,TR597,Mathematics/Modern Language,566,
1181,TR598,Mathematics/Music,566,
1182,TR599,Mathematics/Philosophy,566,
1183,TR629,Music/Philosophy,499,
1184,TR635,Music/Drama Studies,#473,
1185,TR636,Music/Modern Language,388,
1186,TR638,Music/Religion,388,
1187,TR639,Philosophy/Modern Language,499,
1188,TR662,Philosophy/Sociology,499,
1189,TR663,Religion/Classical Civilisation,342,
1190,TR664,Religion/English Literature,498,
1191,TR665,Religion/History of Art and Architecture,342,
1192,TR666,Religion/Modern Language,,
1193,TR667,French/Modern Language,403,
1194,TR668,German/Modern Language,389,
1195,TR669,Irish/Modern Language,368,
1196,TR670,Italian/Modern Language,381,
1197,TR671,Russian/Modern Language,332,
1198,TR672,Spanish/Modern Language,336,
1199,TR755,Sociology/Drama Studies,#498,
1200,TR756,Sociology/Modern Language,498,495
1201,TR801,Dental Nursing,436,419
1202,TR802,Dental Hygiene,#543,#511
1203,TR803,Dental Technology,#531,#486
1204,TR911,Children`s and General Nursing (Integrated),511,510
1205,TR913,Midwifery,478,477
1206,TU601,Electronic Engineering,232,
1207,TU602,Computer Engineering,223,
1208,TU603,Mechanical Engineering,197,197
1209,TU641,Bar and Restaurant Management,223,
1210,TU642,Culinary Arts,153,
1211,TU643,Culinary Arts (Professional Cookery Practice),236,
1212,TU644,Food Management and Entrepreneurship,223,
1213,TU645,Food Science and Management,241,
1214,TU651,Applied Biology,205,196
1215,TU652,Computing,194,
1216,TU653,Computing (Information Technology),245,
1217,TU654,Pharmacy Technician Studies,321,
1218,TU655,Computing (Networking Technologies) Learn and Work,410,335
1219,TU671,Business,226,
1220,TU672,Business (Common entry),180,179
1221,TU673,Business Management,300,
1222,TU674,Business Studies,300,
1223,TU675,Marketing,301,
1224,TU676,Retail Management and Marketing,290,
1225,TU701,Automation Engineering,260,
1226,TU702,Biomedical Design,232,232
1227,TU703,Building Engineering,260,
1228,TU704,Civil Engineering,262,
1229,TU705,Electrical and Control Engineering,243,
1230,TU706,Electrical Services Engineering,244,
1231,TU707,Electronic Engineering,224,224
1232,TU708,Engineering (Common Entry with Award options),225,
1233,TU709,Engineering (General Entry),370,
1234,TU710,Engineering Reliability Management,244,
1235,TU711,Mechatronic Engineering,223,
1236,TU712,Sustainable Energy and Environmental Engineering,180,180
1237,TU713,Computer Engineering,221,
1238,TU714,Electronics and Communications Engineering,264,
1239,TU715,Engineering Software,181,181
1240,TU716,Networking Technology,241,
1241,TU717,Mechanical Engineering,300,
1242,TU718,Mechanical Engineering,198,198
1243,TU719,"Design,Technology and Innovation",228,
1244,TU720,Automotive Management and Technology,232,
1245,TU721,Aviation Technology,350,
1246,TU722,Process Instrumentation and Automation Learn and Work,292,292
1247,TU731,"Auctioneering, Valuation and Estate Agency",290,
1248,TU732,Timber Product Technology,253,198
1249,TU735,Sports Management and Coaching,270,
1250,TU736,Sports Science and Health,410,391
1251,TU741,Baking and Pastry Arts Management,234,
1252,TU742,Culinary Arts,155,155
1253,TU745,Hospitality Management,245,
1254,TU746,International Hospitality and Tourism Management,170,170
1255,TU747,Tourism Management,242,
1256,TU751,Biosciences,407,
1257,TU752,DNA and Forensic Analysis,390,
1258,TU754,Industrial and Environmental Physics,270,
1259,TU755,Science (General Entry),361,
1260,TU756,Computing,200,195
1261,TU757,Computing (Information Technology),225,
1262,TU758,Digital Forensics and Cyber Security,220,
1263,TU759,Information Technology Management,211,
1264,TU760,Bioanalysis,204,204
1265,TU761,Ophthalmic Dispensing,302,
1266,TU762,Medicinal Chemistry and Pharmaceutical Sciences,364,
1267,TU763,Pharmaceutical Science,382,349
1268,TU771,Business,224,
1269,TU772,Business (Common Entry with Award options),AQA,227
1270,TU774,Management,195,209
1271,TU775,Accounting and Finance,260,
1272,TU776,Accounting and Finance,182,175
1273,TU777,Business and Information Technology,244,
1274,TU778,International Business,224,
1275,TU779,International Business,180,180
1276,TU780,Advertising and Marketing Communications,179,179
1277,TU781,Digital Marketing,220,
1278,TU782,Digital Marketing,179,179
1279,TU783,Marketing,189,189
1280,TU791,Applied Social Studies in Social Care,320,
1281,TU792,Community and Youth Development,101,250
1282,TU793,Early Childhood Care and Education,220,
1283,TU794,Early Childhood Care and Education,390,250
1284,TU795,Visual Merchandising and Display,481,
1285,TU796,Creative Digital Media,225,
1286,TU801,Biomedical Design,235,
1287,TU802,Electrical Services and Energy Management,317,300
1288,TU803,Electronic Engineering,243,243
1289,TU804,Engineering (Common Entry with Award options),271,
1290,TU805,Engineering (General Entry),402,
1291,TU806,Sustainable Energy Engineering,262,
1292,TU807,Computer Engineering in Mobile Systems,276,
1293,TU808,Engineering Software,260,260
1294,TU809,Mechanical Engineering,235,
1295,TU810,Mechatronic Engineering,270,
1296,TU811,Product Design,411,
1297,TU812,"Design,Technology and Innovation",270,
1298,TU813,Automation Engineering,218,218
1299,TU814,Transport Operations and Technology,285,251
1300,TU831,Architectural Technology,410,
1301,TU832,Architecture (Suitability Test and Interview),622,
1302,TU833,Construction Management,367,
1303,TU834,Geographic Science,288,
1304,TU835,Planning and Environmental Management,313,
1305,TU836,Property Economics (Valuation Surveying),401,
1306,TU837,Quantity Surveying and Construction Economics,385,
1307,TU851,Analytical Chemistry (Environmental Forensic and Pharmaceutical),349,
1308,TU852,Chemical Sciences with Medicinal Chemistry,476,
1309,TU854,Science (General Entry),476,
1310,TU855,Science with Nanotechnology,331,319
1311,TU856,Computer Science,476,
1312,TU857,Computer Science (Infrastructure),391,
1313,TU858,Computer Science (International),377,
1314,TU859,Computing,217,234
1315,TU860,Computing (Information Technology),260,
1316,TU861,Computing with Language (French/German/Spanish),308,308
1317,TU862,Computing with Data Analytics,226,226
1318,TU863,Digital Forensics and Cyber Security,280,
1319,TU864,DNA and Forensic Analysis,400,390
1320,TU865,Computing with IT Management,226,
1321,TU866,Biomedical and Molecular Diagnostics,487,
1322,TU867,Biomedical Science,524,
1323,TU868,Clinical Measurement Science,510,
1324,TU869,Environmental Health,336,
1325,TU870,Human Nutrition and Dietetics,578,
1326,TU871,Optometry,509,
1327,TU872,Public Health Nutrition,491,
1328,TU873,Industrial Mathematics,250,250
1329,TU874,Mathematical Sciences,341,
1330,TU875,Pharmaceutical Healthcare,400,
1331,TU876,Pharmaceutical Science,377,349
1332,TU877,Physics Technology,308,
1333,TU878,Physics with Energy and Environment,337,337
1334,TU879,Physics with Medical Physics and Bioengineering,351,
1335,TU880,Physics with Data Science,578,
1336,TU881,Food Innovation,318,
1337,TU882,Nutraceuticals in Health and Nutrition,397,
1338,TU901,Business,270,
1339,TU902,Business (Common Entry with Award options),271,
1340,TU903,Business and Management,463,
1341,TU904,Business and Law,462,
1342,TU905,Economics and Finance,465,
1343,TU906,Human Resource Management,395,
1344,TU907,Logistics and Supply Chain Management,300,
1345,TU908,Management,262,253
1346,TU909,Accounting and Finance,285,
1347,TU910,Accounting and Finance,444,
1348,TU911,Accounting and Finance,209,192
1349,TU912,Business Analytics,330,
1350,TU913,Business and Information Technology,252,
1351,TU914,Business Computing,324,
1352,TU915,International Business,252,
1353,TU916,International Business,235,235
1354,TU917,Law (LLB ) with a Language,342,
1355,TU918,Law (LLB),451,
1356,TU919,Advertising and Marketing Communications,228,226
1357,TU920,Digital Marketing,270,
1358,TU921,Digital Marketing Technologies,212,212
1359,TU922,Marketing,418,
1360,TU923,Marketing Management,228,276
1361,TU924,E-Commerce in Retailing,307,
1362,TU925,Retail and Services Management,301,
1363,TU935,Sports Management and Coaching,300,
1364,TU936,Sports Science and Health,410,391
1365,TU941,Botanical Cuisine,249,
1366,TU942,Culinary Arts,212,212
1367,TU943,Culinary Entrepreneurship,278,
1368,TU944,Culinary Science,316,
1369,TU951,International Hospitality and Tourism Management,184,184
1370,TU952,International Hospitality Management,300,
1371,TU953,Tourism and Digital Marketing,290,
1372,TU954,Event Management,356,
1373,TU955,Sports & Leisure Management,217,317
1374,TU961,Commercial Modern Music,608,608
1375,TU962,Drama (Performance),379,
1376,TU963,Music,416,
1377,TU965,International Business and Languages,356,346
1378,TU966,Languages and English Studies,366,
1379,TU967,Languages and International Tourism,308,
1380,TU971,Contemporary Visual Culture,290,
1381,TU972,Creative and Cultural Industries,281,
1382,TU973,Design - Visual Communication,717,
1383,TU974,Fine Art,709,563
1384,TU975,Interior Design,632,
1385,TU976,Photography,695,
1386,TU981,Creative Digital Media,280,
1387,TU982,Creative Digital Media,320,311
1388,TU983,Film and Broadcasting,456,451
1389,TU984,Game Design,381,
1390,TU985,Journalism,322,
1391,TU986,Print Media Technology and Management,289,
1392,TU991,Applied Social Studies in Social Care,325,
1393,TU992,Community and Youth Development,251,
1394,TU993,Early Childhood Care and Education,270,
1395,TU994,Early Childhood Care and Education,321,251
1396,TU995,Early Childhood Education,367,
1397,TU996,Social Care,400,
1398,TU997,Applied Social Care,310,283
1399,WD001,Applied Computing (options),260,260
1400,WD002,Science (options),308,
1401,WD003,Business,AQA,171
1402,WD005,Health Sciences (options),280,
1403,WD006,Exercise Sciences (options),280,
1404,WD007,Engineering (options),288,288
1405,WD010,Electronic Engineering,181,
1406,WD011,Mechanical Engineering,198,
1407,WD013,Legal Studies,177,
1408,WD018,Applied Social Care,171,
1409,WD019,Recreation and Sport Management,174,
1410,WD025,Construction Management and Engineering,269,
1411,WD027,Music,262,
1412,WD048,Business (options),271,
1413,WD076,Forestry,243,
1414,WD084,Accounting,308,
1415,WD091,Hospitality Management,228,
1416,WD094,Architectural Technology,166,150
1417,WD096,Horticulture (Waterford - Kildalton),260,
1418,WD097,Horticulture (Dublin - National Botanic Gardens),AQA,
1419,WD116,General Nursing,422,
1420,WD117,Psychiatric Nursing,366,
1421,WD120,Intellectual Disability Nursing,377,
1422,WD126,Agriculture,327,
1423,WD134,International Business,290,
1424,WD137,Design (Visual Communications),271,
1425,WD139,Civil Engineering,206,
1426,WD140,Laws,280,
1427,WD144,Architecture,284,
1428,WD147,Pharmaceutical Science,293,
1429,WD149,Early Childhood Studies,271,
1430,WD150,Criminal Justice Studies,270,
1431,WD151,Software Systems Development,AQA,AQA
1432,WD152,Visual Art,AQA,
1433,WD153,Multimedia Applications Development,163,
1434,WD155,Information Technology,211,
1435,WD159,Business,195,
1436,WD161,Computer Forensics and Security,255,
1437,WD162,Quantity Surveying,216,
1438,WD163,Psychology,434,
1439,WD164,Food Science with Business,309,
1440,WD172,Culinary Arts,AQA,AQA
1441,WD173,Hospitality Studies,AQA,
1442,WD174,Tourism,AQA,
1443,WD175,Pharmaceutical Science,226,
1444,WD177,"Science (Mol. Biology with Biopharm.,Food Science with Business,Pharm.)",222,
1445,WD182,Electrical Engineering,AQA,
1446,WD184,Retail Management,163,
1447,WD186,Sports Coaching and Performance,270,
1448,WD187,Social Science,272,
1449,WD188,Applied Health Care,201,
1450,WD191,Agricultural Science,377,
1451,WD192,Social Care Practice,270,
1452,WD193,Marketing and Digital Media,271,
1453,WD194,Culinary Arts,217,
1454,WD195,Architectural and Building Information Modelling Technology,279,
1455,WD200,Arts (options),AQA,AQA
1456,WD205,Molecular Biology with Biopharmaceutical Science,228,
1457,WD206,Electronic Engineering,179,
1458,WD207,Mechanical Engineering,198,
1459,WD208,Manufacturing Engineering,188,
1460,WD210,Software Systems Development,279,
1461,WD211,Creative Computing,271,
1462,WD212,Recreation and Sport Management,270,
1463,WD230,Mechanical and Manufacturing Engineering,253,
